{"cameraMode":{"drawMode":0,"name":"Shaded","section":"Shading Mode"},"sceneLighting":false,"audioPlay":false,"sceneViewState":{"showFog":true,"showMaterialUpdate":false,"showSkybox":false,"showFlares":true,"showImageEffects":true,"showParticleSystems":true},"in2DMode":false,"pivot":{"x":-0.7072073221206665,"y":0.9742056727409363,"z":1.3310072422027588},"rotation":{"x":0.17477023601531983,"y":-0.5348833203315735,"z":0.1141844093799591,"w":0.8187432289123535},"size":2.457559108734131,"orthographic":false}