{"cameraMode":{"drawMode":0,"name":"Shaded","section":"Shading Mode"},"sceneLighting":true,"audioPlay":false,"sceneViewState":{"showFog":true,"showMaterialUpdate":false,"showSkybox":false,"showFlares":true,"showImageEffects":true,"showParticleSystems":true},"in2DMode":false,"pivot":{"x":0.24681782722473145,"y":1.0465933084487916,"z":24.26162338256836},"rotation":{"x":0.12602941691875459,"y":0.6419765949249268,"z":-0.1081121563911438,"w":0.7486202716827393},"size":4.304807186126709,"orthographic":false}