{"cameraMode":{"drawMode":0,"name":"Shaded","section":"Shading Mode"},"sceneLighting":false,"audioPlay":false,"sceneViewState":{"showFog":true,"showMaterialUpdate":false,"showSkybox":false,"showFlares":true,"showImageEffects":true,"showParticleSystems":true},"in2DMode":false,"pivot":{"x":-1.1699999570846558,"y":1.559999942779541,"z":4.840000152587891},"rotation":{"x":0.10884945094585419,"y":-0.5970534682273865,"z":0.0821818932890892,"w":0.7905869483947754},"size":1.428952693939209,"orthographic":false}