{"cameraMode":{"drawMode":0,"name":"Shaded","section":"Shading Mode"},"sceneLighting":true,"audioPlay":false,"sceneViewState":{"showFog":true,"showMaterialUpdate":false,"showSkybox":false,"showFlares":true,"showImageEffects":true,"showParticleSystems":true},"in2DMode":false,"pivot":{"x":0.6096728444099426,"y":-4.878250598907471,"z":30.479902267456056},"rotation":{"x":-0.00011145943426527083,"y":-0.9999039769172669,"z":0.010808482766151429,"w":-0.00989469327032566},"size":21.47274398803711,"orthographic":false}