{"cameraMode":{"drawMode":0,"name":"Shaded","section":"Shading Mode"},"sceneLighting":false,"audioPlay":false,"sceneViewState":{"showFog":true,"showMaterialUpdate":false,"showSkybox":false,"showFlares":true,"showImageEffects":true,"showParticleSystems":true},"in2DMode":false,"pivot":{"x":-0.38746222853660586,"y":-0.035005711019039157,"z":-0.3435734510421753},"rotation":{"x":-0.03586027771234512,"y":0.9049163460731506,"z":-0.07784122228622437,"w":-0.41687577962875368},"size":0.9062492251396179,"orthographic":false}