{"cameraMode":{"drawMode":0,"name":"Shaded","section":"Shading Mode"},"sceneLighting":false,"audioPlay":false,"sceneViewState":{"showFog":true,"showMaterialUpdate":false,"showSkybox":false,"showFlares":true,"showImageEffects":true,"showParticleSystems":true},"in2DMode":false,"pivot":{"x":-0.2925252914428711,"y":1.2076430320739747,"z":0.26551157236099245},"rotation":{"x":-0.04792928695678711,"y":0.8046546578407288,"z":-0.06557030230760575,"w":-0.5881644487380981},"size":2.2770233154296877,"orthographic":false}